January,February,March,April,May,June,July,August,September,October,November,December,year,state
-5.0,-0.4,7.6,10.7,14.8,18.7,20.9,20.4,18.6,8.7,7.7,0.8,1977,Alabama
-0.3,2.9,8.3,9.4,14.8,18.1,20.6,20.2,15.7,10.8,6.3,6.0,1982,Alabama
0.3,3.6,6.4,7.7,16.9,18.9,20.3,21.1,16.3,5.2,5.8,4.1,1987,Alabama
1.1,4.1,5.6,9.2,12.8,17.9,21.0,18.9,17.7,9.7,5.3,3.5,1992,Alabama
2.1,4.9,9.1,7.8,12.8,18.3,21.1,19.4,16.9,10.3,4.0,1.5,1997,Alabama
1.8,0.7,5.3,12.7,14.6,18.8,21.0,20.3,19.8,15.4,4.4,1.2,2002,Alabama
2.4,0.1,7.4,8.2,13.9,18.8,20.7,22.2,18.1,12.6,4.4,4.8,2007,Alabama
3.3,5.4,11.6,11.3,16.3,18.5,21.6,20.2,16.6,10.0,2.8,4.4,2012,Alabama
5.6,6.3,7.8,12.2,14.4,19.3,21.4,20.8,16.9,12.4,6.2,2.8,2017,Alabama
0.0,2.9,6.6,9.7,16.8,20.5,22.1,21.2,16.8,8.2,6.6,4.2,2022,Alabama
-2.1,-0.7,-0.3,5.7,8.0,15.4,19.2,18.8,15.1,9.7,2.9,1.1,1977,Arizona
-1.5,1.0,2.9,5.6,9.5,12.9,17.9,18.8,14.9,5.8,2.9,-1.1,1982,Arizona
-2.7,0.2,1.2,7.2,10.4,15.4,16.7,17.5,13.5,10.3,2.2,-2.6,1987,Arizona
-2.1,2.2,3.6,7.6,11.6,14.2,17.7,17.9,14.6,9.3,0.0,-2.3,1992,Arizona
-0.4,-0.4,3.7,5.8,12.6,14.3,17.8,18.8,16.7,7.4,2.9,-2.2,1997,Arizona
-1.7,-0.9,1.0,7.8,9.8,16.2,20.0,18.2,15.3,7.9,3.1,-1.5,2002,Arizona
-3.1,0.8,4.1,6.8,11.4,15.8,20.0,19.7,15.4,8.4,4.7,-2.0,2007,Arizona
-0.4,-0.1,2.3,7.1,11.4,16.4,19.4,19.6,15.4,8.9,3.7,-1.1,2012,Arizona
0.1,3.0,5.1,6.7,10.1,17.0,20.0,18.4,14.4,9.3,6.1,0.1,2017,Arizona
-1.0,-1.4,2.7,7.0,11.1,17.2,20.3,19.1,16.7,8.9,0.1,-0.4,2022,Arizona
-8.0,-0.9,5.8,10.7,15.7,19.3,21.4,20.4,18.3,8.8,5.7,-1.3,1977,Arkansas
-4.5,-1.1,6.7,7.6,15.4,17.3,20.8,20.6,14.8,8.7,4.7,3.3,1982,Arkansas
-1.7,2.3,4.2,7.3,16.6,18.7,20.5,21.3,15.1,6.3,4.9,1.0,1987,Arkansas
-0.4,3.0,4.9,9.1,13.1,17.8,20.9,17.5,15.2,8.9,3.9,1.1,1992,Arkansas
-1.8,2.8,5.8,6.9,12.1,17.8,21.2,19.2,16.1,9.4,3.4,0.1,1997,Arkansas
-0.2,-0.6,2.6,11.3,13.7,18.9,21.5,20.7,17.6,10.9,2.9,0.7,2002,Arkansas
-0.5,-0.9,8.6,7.6,15.6,19.3,20.1,21.9,17.4,11.6,5.2,1.1,2007,Arkansas
0.8,3.1,10.2,11.6,16.2,18.4,22.4,20.0,16.9,8.8,2.8,2.4,2012,Arkansas
2.3,5.2,6.8,11.7,13.6,18.7,21.4,20.2,16.3,9.9,5.8,0.2,2017,Arkansas
-3.0,-1.1,3.9,9.2,15.8,19.5,22.6,21.0,16.1,8.5,3.9,1.4,2022,Arkansas
-0.3,2.1,0.8,5.7,6.6,13.9,15.2,16.1,12.5,8.8,4.1,3.7,1977,California
-0.6,2.5,3.0,4.7,8.8,11.9,14.9,15.4,12.6,7.8,2.9,0.9,1982,California
-0.3,1.9,3.1,6.9,10.2,13.4,13.7,15.0,12.7,10.6,4.2,0.4,1987,California
0.7,4.4,5.0,7.7,11.7,13.0,15.6,16.2,13.2,9.8,3.4,-0.3,1992,California
2.3,2.0,4.7,6.1,11.8,12.8,15.1,15.8,14.0,7.7,5.4,0.6,1997,California
0.1,2.1,2.2,6.3,8.6,13.3,16.8,14.9,13.2,7.5,4.8,1.7,2002,California
-1.4,2.4,4.9,6.2,9.7,12.9,16.7,16.2,12.0,7.8,5.0,-0.1,2007,California
1.3,1.7,2.9,6.2,9.6,12.4,15.4,17.1,14.3,9.4,5.2,1.3,2012,California
1.1,3.9,5.3,6.4,9.8,14.6,17.7,17.6,13.7,8.6,6.2,1.8,2017,California
1.9,1.6,4.6,6.1,9.1,14.2,17.3,17.8,15.6,10.2,1.8,1.3,2022,California
-13.3,-8.8,-7.6,-0.3,4.2,9.8,12.3,11.2,7.1,0.2,-5.3,-7.9,1977,Colorado
-11.6,-10.9,-5.1,-3.0,3.1,6.9,11.1,12.2,7.3,-0.8,-6.9,-9.7,1982,Colorado
-10.9,-7.4,-6.9,-1.2,4.8,8.7,10.9,10.1,5.2,0.3,-5.7,-10.6,1987,Colorado
-11.2,-6.9,-3.6,0.8,4.9,7.7,10.3,9.7,6.2,1.2,-8.0,-11.8,1992,Colorado
-10.7,-9.5,-5.2,-3.6,3.6,8.9,11.2,11.0,8.1,-0.2,-6.4,-10.1,1997,Colorado
-10.9,-11.0,-8.3,0.1,3.1,10.2,12.8,10.7,7.1,-1.1,-6.0,-9.2,2002,Colorado
-13.9,-8.7,-2.9,-1.1,4.2,8.4,12.6,12.4,7.2,0.7,-5.0,-11.6,2007,Colorado
-9.0,-9.2,-3.0,0.9,4.3,10.6,13.1,11.3,6.8,0.0,-4.2,-10.3,2012,Colorado
-9.7,-5.1,-2.3,-0.7,3.2,9.4,12.6,10.3,7.3,-0.1,-2.4,-8.7,2017,Colorado
-10.7,-11.7,-6.2,-1.9,3.6,9.6,13.3,11.9,8.3,0.6,-7.9,-10.5,2022,Colorado
-13.4,-8.3,-0.9,1.8,7.6,11.8,15.2,15.0,11.4,4.3,1.9,-6.4,1977,Connecticut
-13.6,-7.1,-4.3,0.0,8.0,11.5,14.9,13.2,10.6,3.4,1.5,-2.8,1982,Connecticut
-8.5,-9.0,-2.4,3.5,7.4,13.6,16.5,13.3,11.0,2.3,-0.7,-4.1,1987,Connecticut
-7.1,-6.3,-4.4,1.1,6.6,11.6,14.4,13.9,10.7,2.8,0.1,-4.9,1992,Connecticut
-7.7,-3.9,-2.9,1.2,6.3,12.2,15.1,14.4,10.5,3.5,-0.8,-4.5,1997,Connecticut
-4.1,-4.9,-2.1,3.7,6.4,12.1,16.3,15.9,12.3,4.5,-0.1,-5.7,2002,Connecticut
-5.1,-9.5,-4.6,1.4,8.0,12.9,15.7,15.1,11.4,8.7,-0.8,-5.2,2007,Connecticut
-5.2,-3.6,1.8,3.3,11.1,13.2,17.3,16.4,11.7,7.7,-0.7,-1.9,2012,Connecticut
-3.7,-3.9,-4.4,5.2,8.3,13.3,16.4,14.8,13.2,8.7,-0.6,-5.9,2017,Connecticut
-9.7,-6.7,-1.7,2.8,10.1,13.0,17.2,17.7,12.1,5.7,1.7,-4.1,2022,Connecticut
-10.2,-4.0,3.4,6.1,11.1,14.3,18.7,18.7,15.7,7.2,5.0,-2.8,1977,Delaware
-8.1,-2.6,0.2,3.4,11.3,15.2,18.7,15.9,12.9,7.3,3.6,1.4,1982,Delaware
-4.3,-5.1,1.0,5.3,11.2,17.1,19.9,17.9,15.1,4.4,3.3,-0.6,1987,Delaware
-2.9,-2.1,0.4,4.8,9.1,14.3,19.1,16.6,14.6,5.8,3.6,-0.7,1992,Delaware
-3.7,-0.2,1.8,4.7,9.1,14.6,18.4,17.1,13.7,7.7,2.7,-1.0,1997,Delaware
-0.3,-1.3,2.2,7.7,10.6,16.7,19.3,19.5,15.3,9.7,2.7,-2.6,2002,Delaware
-0.5,-5.8,0.9,4.9,11.2,16.9,18.7,19.1,14.8,12.1,2.6,-0.5,2007,Delaware
-1.6,-0.4,5.4,6.3,14.3,16.4,21.5,19.8,14.3,9.9,1.1,2.1,2012,Delaware
0.0,0.9,0.9,9.6,12.0,17.3,20.7,18.3,15.9,11.3,2.9,-2.5,2017,Delaware
-5.2,-2.1,2.6,6.1,13.2,16.4,20.9,20.0,15.1,7.9,4.0,-2.1,2022,Delaware
3.2,5.9,13.7,13.8,16.8,21.0,21.7,22.3,21.8,14.3,12.8,7.9,1977,Florida
7.0,11.9,13.4,15.5,17.0,21.6,22.1,22.1,20.4,16.7,14.4,11.9,1982,Florida
7.2,9.7,12.3,11.1,18.3,21.6,22.3,22.8,21.1,13.6,13.8,9.9,1987,Florida
7.4,10.6,11.3,13.6,15.7,21.4,22.6,21.9,21.4,15.8,14.4,9.9,1992,Florida
8.8,11.7,15.2,13.8,17.8,20.7,22.3,22.1,21.0,16.4,11.7,9.6,1997,Florida
8.9,8.7,12.3,17.0,18.4,21.4,22.4,22.1,22.6,19.4,10.9,7.7,2002,Florida
10.8,7.9,12.2,13.3,17.2,21.0,22.7,23.4,21.8,19.9,11.7,11.9,2007,Florida
8.1,12.3,14.9,15.0,19.2,21.3,22.7,22.8,21.4,17.6,10.3,10.4,2012,Florida
10.8,11.7,12.3,15.7,18.6,22.3,23.3,23.5,21.9,18.8,13.8,10.6,2017,Florida
8.0,10.8,13.8,15.9,19.4,22.2,23.4,23.2,21.7,15.8,15.9,10.6,2022,Florida
-4.1,-0.9,8.2,10.6,14.7,18.5,20.5,20.4,18.8,9.1,8.1,1.4,1977,Georgia
-0.1,4.4,8.2,9.8,14.8,18.9,20.6,19.9,16.2,11.3,7.7,6.2,1982,Georgia
1.2,3.0,6.6,7.9,16.1,19.2,20.3,21.4,17.3,6.0,6.6,4.2,1987,Georgia
2.0,4.9,5.7,8.9,12.9,18.4,21.0,19.8,18.0,10.0,7.0,3.3,1992,Georgia
3.1,5.2,9.9,8.3,12.6,17.9,20.9,19.2,17.2,11.6,4.7,2.8,1997,Georgia
2.3,1.8,6.1,13.3,14.1,19.1,21.1,20.2,19.8,15.3,4.9,1.5,2002,Georgia
3.8,1.1,7.7,8.3,13.6,18.8,20.3,22.1,18.3,13.8,4.4,5.2,2007,Georgia
3.1,5.2,11.6,11.4,16.5,17.9,21.7,20.3,17.2,11.8,4.1,5.2,2012,Georgia
5.7,6.2,7.2,12.6,15.2,19.6,21.4,21.1,17.3,13.1,6.6,4.2,2017,Georgia
1.3,4.4,7.6,9.6,16.3,20.1,21.9,21.1,17.2,8.9,8.0,3.7,2022,Georgia
-12.3,-8.3,-6.3,-1.6,1.8,8.6,9.6,9.6,4.8,-0.4,-5.2,-5.7,1977,Idaho
-10.8,-10.3,-4.0,-4.1,1.2,6.6,9.7,9.7,5.3,-0.1,-6.9,-8.6,1982,Idaho
-10.9,-6.3,-3.6,0.0,4.7,7.3,9.2,7.6,4.6,-0.7,-3.9,-8.6,1987,Idaho
-8.1,-4.0,-1.9,0.6,4.6,8.1,8.7,9.2,4.1,1.4,-6.4,-10.8,1992,Idaho
-8.7,-8.1,-4.6,-2.5,3.6,7.0,9.0,9.7,6.6,-0.3,-4.2,-9.3,1997,Idaho
-8.9,-10.6,-6.7,-1.3,2.1,7.0,11.6,7.8,5.1,-2.3,-4.9,-5.6,2002,Idaho
-11.9,-5.5,-2.7,-0.7,3.1,6.9,13.0,9.4,4.7,0.2,-4.8,-8.7,2007,Idaho
-7.9,-7.3,-3.2,-0.2,2.1,5.6,11.4,10.2,5.6,-0.4,-2.4,-7.3,2012,Idaho
-12.3,-5.7,-1.6,-1.2,2.8,7.2,11.9,10.4,5.8,-1.2,-3.0,-8.4,2017,Idaho
-9.6,-10.1,-3.7,-3.7,1.4,6.5,11.8,11.9,7.4,1.4,-8.7,-9.4,2022,Idaho
-17.3,-7.2,2.1,7.4,13.6,15.1,19.1,16.6,13.9,5.2,1.2,-7.9,1977,Illinois
-13.8,-8.9,-1.2,2.2,13.3,13.3,18.7,15.7,12.1,6.1,0.9,-0.7,1982,Illinois
-7.0,-3.1,1.0,4.7,13.0,17.1,19.3,17.4,12.2,2.4,2.6,-2.4,1987,Illinois
-4.5,-1.6,0.4,4.5,9.4,13.8,17.7,14.0,11.7,5.1,1.5,-4.9,1992,Illinois
-11.0,-2.9,0.2,2.3,7.8,15.9,17.8,16.0,12.6,6.3,-0.3,-3.2,1997,Illinois
-4.1,-3.6,-2.3,5.9,9.0,17.3,19.6,18.0,13.6,5.7,-0.7,-4.7,2002,Illinois
-5.2,-10.3,3.1,3.8,13.2,16.4,16.7,19.5,13.6,9.1,0.0,-5.0,2007,Illinois
-5.2,-2.7,6.8,5.8,13.2,15.4,20.7,15.7,11.6,5.5,-0.7,-1.7,2012,Illinois
-3.9,-1.0,0.8,7.5,10.7,16.1,18.6,15.3,13.3,8.9,0.1,-6.2,2017,Illinois
-10.8,-7.8,0.3,4.1,12.8,16.6,18.8,17.4,13.2,4.6,0.3,-5.3,2022,Illinois
-17.4,-7.8,1.5,6.4,12.9,14.2,18.5,16.4,13.9,4.4,2.1,-7.3,1977,Indiana
-13.1,-8.5,-1.4,1.6,12.6,12.9,17.9,14.7,11.6,5.8,1.6,0.3,1982,Indiana
-6.6,-3.9,0.1,4.1,12.1,16.5,18.6,16.9,12.3,1.8,2.0,-2.0,1987,Indiana
-4.8,-1.9,-0.4,4.4,8.8,12.8,17.3,14.0,11.4,4.5,2.1,-3.8,1992,Indiana
-9.7,-2.8,0.1,1.4,7.2,15.6,17.1,15.3,11.5,5.4,-0.5,-2.8,1997,Indiana
-3.6,-3.6,-1.9,5.9,8.5,16.6,18.7,17.8,13.4,5.9,-0.2,-4.3,2002,Indiana
-3.8,-11.3,2.3,3.6,11.8,15.7,15.7,18.4,13.2,9.5,0.1,-3.5,2007,Indiana
-4.6,-2.8,6.3,4.7,12.8,14.6,19.8,15.0,11.6,5.6,-1.6,-0.6,2012,Indiana
-3.1,-0.6,0.7,7.5,10.2,15.2,17.8,14.9,12.8,8.7,0.4,-6.1,2017,Indiana
-9.4,-6.5,0.4,3.7,12.1,15.3,18.3,16.9,12.6,4.3,0.4,-4.2,2022,Indiana
-20.2,-9.7,-0.2,5.9,12.8,14.6,18.0,14.3,11.8,3.7,-3.2,-11.2,1977,Iowa
-19.3,-11.8,-4.6,0.4,11.6,11.8,17.4,15.4,11.0,4.8,-3.3,-6.3,1982,Iowa
-9.0,-5.2,-1.0,4.1,11.4,16.1,18.6,15.4,10.7,1.0,0.2,-5.8,1987,Iowa
-7.3,-4.1,-1.7,2.1,8.4,12.8,15.0,12.7,9.7,3.7,-2.5,-8.7,1992,Iowa
-14.9,-8.1,-3.1,0.6,5.7,14.8,17.2,15.1,11.4,4.7,-3.6,-5.8,1997,Iowa
-7.6,-6.7,-6.4,3.0,7.0,16.3,18.7,15.6,11.6,2.4,-4.0,-7.4,2002,Iowa
-10.7,-13.5,0.2,2.0,11.8,15.1,16.8,18.0,11.2,7.6,-3.0,-10.6,2007,Iowa
-8.5,-6.2,4.6,4.6,11.4,15.4,19.5,14.2,8.5,2.8,-2.2,-7.4,2012,Iowa
-7.8,-4.4,-2.1,4.9,8.4,14.8,17.6,13.8,12.4,6.2,-3.3,-9.4,2017,Iowa
-15.9,-12.6,-3.0,0.4,10.3,15.6,17.5,16.1,11.6,2.3,-3.1,-10.4,2022,Iowa
-12.6,-4.6,0.2,7.4,13.7,17.4,20.0,17.8,14.3,6.1,-0.4,-6.7,1977,Kansas
-11.1,-8.6,-1.0,3.3,11.6,13.8,19.1,18.8,13.2,5.3,-2.0,-4.6,1982,Kansas
-6.4,-1.6,0.0,4.8,13.3,16.7,18.9,17.7,12.2,4.1,1.0,-4.7,1987,Kansas
-3.7,-1.3,1.6,5.1,10.1,14.4,17.6,15.4,12.6,5.8,-1.3,-6.6,1992,Kansas
-8.8,-4.0,-0.4,2.5,8.3,15.7,18.8,17.7,14.2,7.0,-1.5,-4.1,1997,Kansas
-6.6,-5.1,-4.2,6.0,9.4,17.9,19.8,18.9,13.8,4.6,-1.1,-4.8,2002,Kansas
-8.2,-6.8,4.5,4.1,12.7,16.1,19.1,20.9,14.1,7.4,-1.6,-6.9,2007,Kansas
-5.3,-3.6,5.4,8.2,12.6,17.2,20.9,16.5,12.0,4.7,-0.7,-5.4,2012,Kansas
-5.4,-2.0,1.9,6.6,9.6,16.6,19.7,16.2,13.9,6.8,0.4,-6.2,2017,Kansas
-8.8,-8.3,-1.4,4.0,11.3,17.4,19.9,18.4,13.8,5.5,-2.3,-7.5,2022,Kansas
-13.2,-5.6,2.9,7.5,12.7,15.6,19.3,18.1,15.7,5.5,3.8,-4.4,1977,Kentucky
-7.6,-3.4,2.3,3.8,12.9,14.2,18.9,16.3,12.8,7.3,2.9,1.7,1982,Kentucky
-4.1,-1.4,1.8,5.1,13.7,17.0,18.6,18.0,13.2,2.7,2.9,-1.1,1987,Kentucky
-3.1,-0.2,1.4,6.6,10.3,14.6,18.9,15.8,13.3,5.6,2.7,-1.9,1992,Kentucky
-5.2,0.4,2.7,2.9,8.2,16.2,18.2,16.7,12.7,6.4,0.9,-1.8,1997,Kentucky
-2.4,-2.6,1.2,7.9,10.0,17.2,19.9,18.7,15.3,9.4,1.4,-1.8,2002,Kentucky
-1.4,-6.6,4.8,5.3,12.3,16.1,17.3,20.0,14.7,10.1,1.3,-0.1,2007,Kentucky
-2.1,-0.5,7.6,6.8,14.1,14.9,20.5,16.9,13.4,6.8,-1.0,1.3,2012,Kentucky
0.6,1.5,2.4,9.9,12.1,15.7,19.2,16.9,13.8,8.6,2.2,-3.3,2017,Kentucky
-5.9,-2.8,2.4,6.0,13.5,16.4,20.1,18.5,13.6,5.0,1.8,-2.0,2022,Kentucky
-1.4,3.6,9.5,13.0,17.7,21.2,22.4,22.3,20.9,11.9,9.7,3.9,1977,Louisiana
3.1,4.2,11.1,12.7,17.5,20.7,22.1,22.2,17.6,12.7,9.1,7.7,1982,Louisiana
2.4,7.0,7.2,9.7,18.7,20.9,21.9,23.2,18.1,8.9,8.0,6.6,1987,Louisiana
3.8,7.4,9.5,12.3,15.9,20.7,22.4,20.1,19.3,12.4,6.8,6.9,1992,Louisiana
4.6,7.2,11.8,10.9,16.7,20.7,22.7,21.7,19.3,13.0,7.1,3.7,1997,Louisiana
4.8,3.2,8.3,15.4,17.3,20.7,22.6,22.2,20.9,16.4,7.2,4.7,2002,Louisiana
5.0,4.2,10.8,11.6,17.6,21.3,22.2,23.2,20.5,14.2,9.3,7.0,2007,Louisiana
6.6,8.7,14.1,14.8,18.7,21.2,22.9,22.7,19.6,12.1,6.6,6.8,2012,Louisiana
8.6,10.7,12.2,14.7,16.6,21.4,23.1,23.0,19.2,14.1,10.2,5.1,2017,Louisiana
2.0,4.1,7.9,13.4,19.3,22.5,23.6,23.1,18.9,11.2,8.7,7.2,2022,Louisiana
-18.9,-14.6,-4.2,-2.9,4.0,9.9,11.8,11.2,6.4,1.9,-2.4,-12.0,1977,Maine
-21.1,-16.1,-9.9,-3.2,3.9,8.5,11.8,9.6,7.6,0.9,-2.3,-8.7,1982,Maine
-16.4,-15.0,-7.6,0.3,3.6,10.0,12.5,9.8,7.2,1.0,-5.1,-9.1,1987,Maine
-15.4,-14.6,-10.7,-2.7,2.8,9.3,10.1,12.0,7.1,0.6,-4.7,-9.6,1992,Maine
-15.4,-13.8,-10.8,-2.9,2.6,8.7,12.1,11.0,7.3,0.9,-4.5,-11.2,1997,Maine
-10.6,-12.1,-8.2,-0.7,2.8,8.3,12.5,12.3,8.4,0.3,-4.7,-10.9,2002,Maine
-13.4,-17.2,-9.3,-2.5,3.8,9.6,12.1,10.9,7.4,4.4,-4.3,-12.4,2007,Maine
-12.8,-11.5,-4.7,-0.5,6.3,9.9,13.3,13.7,6.9,4.1,-4.2,-8.6,2012,Maine
-10.4,-11.9,-10.9,0.3,4.8,9.9,12.3,10.9,9.9,5.1,-4.8,-13.2,2017,Maine
-18.0,-13.3,-6.8,-0.6,5.0,9.2,13.0,13.9,8.4,3.1,-2.0,-6.3,2022,Maine
-10.9,-4.9,2.8,6.0,11.3,14.2,18.3,18.1,15.3,6.6,4.3,-3.8,1977,Maryland
-8.6,-3.3,-0.1,3.2,11.6,14.9,18.4,15.6,12.9,7.3,3.3,0.8,1982,Maryland
-4.6,-4.8,0.4,5.3,11.2,16.8,19.7,17.7,14.7,3.8,2.6,-1.0,1987,Maryland
-3.4,-2.2,0.0,5.2,9.0,14.1,18.9,16.0,13.9,5.6,3.2,-1.4,1992,Maryland
-4.3,-0.8,1.4,4.0,8.3,14.6,18.1,16.4,13.1,7.1,1.8,-1.6,1997,Maryland
-1.3,-2.1,1.4,7.1,10.1,16.4,19.2,18.9,14.7,8.9,2.2,-3.4,2002,Maryland
-1.3,-6.8,0.6,4.8,11.2,16.4,17.9,18.9,14.3,11.3,2.2,-0.9,2007,Maryland
-2.3,-0.7,5.2,5.8,14.1,15.7,20.8,18.9,13.9,8.8,0.8,1.1,2012,Maryland
-0.4,0.3,0.5,9.3,11.4,16.6,19.9,17.4,14.7,10.4,2.1,-3.0,2017,Maryland
-5.6,-2.6,1.9,5.6,12.6,16.3,20.0,19.2,14.6,6.8,3.6,-2.9,2022,Maryland
-14.3,-8.7,-1.1,1.3,7.1,11.3,14.6,14.4,10.6,4.0,1.5,-7.3,1977,Massachusetts
-14.3,-8.3,-4.9,-0.3,7.3,10.8,14.4,12.6,10.1,3.0,1.3,-3.3,1982,Massachusetts
-10.0,-10.1,-3.3,2.6,6.9,12.6,15.4,12.7,10.4,2.1,-1.6,-4.6,1987,Massachusetts
-8.2,-7.1,-5.1,0.4,5.6,11.1,13.4,13.5,9.8,2.3,-0.7,-5.7,1992,Massachusetts
-8.4,-4.6,-4.0,0.4,5.8,11.8,14.4,13.9,9.9,2.9,-1.3,-5.2,1997,Massachusetts
-4.4,-5.6,-2.7,2.9,6.3,11.6,15.6,15.5,11.9,3.7,-0.6,-6.7,2002,Massachusetts
-5.7,-10.2,-4.9,1.0,7.5,12.5,15.4,14.5,10.7,7.6,-1.5,-6.2,2007,Massachusetts
-5.7,-4.3,0.9,2.7,10.3,12.6,16.4,15.8,10.7,7.0,-0.8,-2.6,2012,Massachusetts
-4.5,-4.8,-5.4,4.3,7.7,12.7,15.6,13.8,12.8,8.2,-0.9,-7.1,2017,Massachusetts
-10.3,-7.2,-2.3,2.3,9.4,12.4,16.5,17.2,11.3,5.6,1.3,-4.3,2022,Massachusetts
-17.4,-11.9,-3.3,1.2,7.9,9.3,14.5,11.1,10.3,2.0,-1.7,-9.3,1977,Michigan
-16.8,-13.4,-7.4,-2.8,8.7,8.2,13.9,10.9,8.8,4.0,-1.7,-4.1,1982,Michigan
-9.2,-8.9,-4.6,1.6,7.1,12.6,15.4,13.3,9.4,1.0,-1.1,-4.7,1987,Michigan
-8.6,-8.1,-7.0,-0.5,4.8,8.7,11.4,10.5,8.1,1.9,-2.0,-6.3,1992,Michigan
-12.4,-9.4,-6.4,-1.8,2.5,11.6,13.1,11.4,8.9,2.8,-3.0,-4.7,1997,Michigan
-6.3,-7.4,-7.9,0.7,3.6,12.5,15.7,13.7,10.7,2.0,-3.1,-7.3,2002,Michigan
-8.2,-13.8,-4.2,-0.5,7.0,12.2,13.1,14.1,9.9,7.1,-2.4,-8.0,2007,Michigan
-8.1,-6.3,1.2,0.0,7.8,12.2,16.1,13.2,7.9,3.4,-2.0,-4.3,2012,Michigan
-7.1,-5.9,-5.4,2.4,5.6,12.2,14.1,12.6,10.3,5.9,-2.6,-10.1,2017,Michigan
-14.0,-12.0,-5.7,-0.6,7.8,11.3,14.2,14.1,10.2,3.0,-1.0,-5.9,2022,Michigan
-25.1,-13.8,-4.8,2.1,10.5,11.8,14.7,10.1,8.6,1.3,-7.5,-16.8,1977,Minnesota
-26.7,-17.5,-9.6,-2.7,8.1,8.3,14.6,12.1,7.7,2.9,-8.2,-10.7,1982,Minnesota
-13.9,-8.0,-5.0,1.4,8.0,12.3,15.7,12.1,8.2,-0.8,-3.9,-10.0,1987,Minnesota
-13.1,-9.5,-6.6,-1.3,6.7,9.8,10.9,10.7,6.6,0.1,-5.5,-14.8,1992,Minnesota
-20.4,-15.4,-10.0,-2.6,3.2,12.6,14.4,12.3,9.1,2.0,-7.7,-8.1,1997,Minnesota
-12.6,-10.3,-12.4,-1.1,2.9,13.2,16.1,13.4,9.7,-1.2,-7.0,-10.7,2002,Minnesota
-14.6,-18.7,-5.6,-1.4,7.9,13.2,14.8,12.9,8.6,4.5,-5.4,-15.9,2007,Minnesota
-12.6,-10.6,-0.6,1.0,8.0,12.6,17.0,12.2,6.0,0.9,-5.3,-13.0,2012,Minnesota
-13.9,-9.9,-7.6,0.8,5.7,11.7,14.2,11.7,9.9,2.8,-7.2,-14.9,2017,Minnesota
-22.4,-21.0,-8.6,-2.7,7.0,12.4,14.9,13.7,9.2,2.1,-5.5,-14.7,2022,Minnesota
-4.7,0.6,7.8,11.3,16.0,19.8,21.6,21.0,19.4,9.1,7.6,1.7,1977,Mississippi
0.3,2.1,8.8,10.1,15.9,18.9,21.2,21.1,16.0,10.6,6.6,6.1,1982,Mississippi
0.3,4.6,6.0,8.2,17.6,19.6,20.9,21.8,16.3,5.8,5.8,4.1,1987,Mississippi
1.3,4.7,6.6,10.2,13.9,18.7,21.6,18.9,17.6,9.8,5.2,4.1,1992,Mississippi
1.8,5.3,9.1,8.6,14.1,19.4,21.7,20.0,17.3,10.5,4.6,1.8,1997,Mississippi
2.5,1.1,5.9,13.1,15.1,19.3,21.6,20.9,19.8,14.8,4.7,2.1,2002,Mississippi
2.7,1.2,8.4,9.2,15.3,19.6,20.8,22.2,18.8,12.6,6.0,4.9,2007,Mississippi
3.8,5.9,12.2,12.0,16.8,19.1,22.1,20.8,17.4,9.9,3.4,5.1,2012,Mississippi
6.3,7.3,9.2,12.8,15.0,19.8,22.0,21.4,17.4,12.0,7.1,2.8,2017,Mississippi
-0.2,2.4,6.3,10.8,17.6,21.0,22.6,21.7,16.8,8.9,6.4,4.9,2022,Mississippi
-14.8,-4.9,2.9,8.6,14.3,17.3,20.2,18.3,15.4,6.4,2.5,-5.7,1977,Missouri
-11.2,-6.9,0.7,3.9,13.4,14.6,19.6,17.7,13.1,6.2,1.3,-1.0,1982,Missouri
-5.6,-1.4,2.3,5.9,14.3,17.7,19.8,18.7,12.7,3.6,3.0,-2.4,1987,Missouri
-3.2,-0.6,1.9,6.1,10.2,14.9,18.6,14.8,12.3,6.1,1.7,-3.7,1992,Missouri
-8.9,-1.4,1.3,3.7,8.5,16.4,19.1,17.3,13.9,7.6,0.6,-2.6,1997,Missouri
-4.3,-3.1,-1.8,7.6,10.1,17.8,20.1,18.8,14.6,6.1,-0.3,-3.6,2002,Missouri
-5.2,-6.8,5.3,4.8,14.2,17.3,18.4,20.8,14.8,9.1,0.8,-4.1,2007,Missouri
-3.9,-1.1,7.9,8.3,14.0,16.6,21.3,16.9,13.0,6.1,0.4,-1.6,2012,Missouri
-2.9,0.6,3.1,8.7,11.4,16.7,19.9,16.3,14.4,8.4,1.7,-4.2,2017,Missouri
-8.1,-6.4,1.1,5.4,13.1,17.8,20.2,18.6,13.9,5.4,0.5,-4.3,2022,Missouri
-16.4,-6.4,-6.5,-1.4,3.9,9.0,10.2,8.1,4.9,-0.3,-8.4,-13.2,1977,Montana
-19.4,-13.7,-7.2,-4.1,2.1,7.1,10.1,9.8,4.1,-0.5,-8.8,-10.3,1982,Montana
-9.8,-7.1,-4.9,0.5,5.3,8.4,10.7,7.8,4.7,-2.1,-4.8,-9.8,1987,Montana
-8.2,-6.7,-3.7,-0.6,3.8,8.6,8.7,7.9,3.9,0.1,-5.7,-14.7,1992,Montana
-15.4,-8.4,-6.4,-4.1,3.1,8.9,10.4,9.9,6.1,-0.1,-6.6,-8.7,1997,Montana
-10.3,-9.5,-12.8,-3.8,1.4,8.0,12.3,8.3,5.4,-4.1,-4.8,-8.2,2002,Montana
-11.5,-10.6,-2.9,-1.6,3.9,8.3,14.0,10.0,4.7,0.4,-6.2,-11.1,2007,Montana
-9.5,-9.7,-2.9,-0.1,2.4,8.0,12.7,9.8,5.4,-1.1,-5.1,-10.7,2012,Montana
-14.6,-8.9,-3.7,-0.7,3.4,8.0,12.7,9.7,5.4,-1.1,-6.0,-11.0,2017,Montana
-10.8,-11.6,-5.8,-4.7,2.6,7.6,11.8,12.1,7.4,1.6,-10.6,-14.6,2022,Montana
-15.9,-7.3,-2.9,4.6,11.3,14.9,17.3,14.1,10.4,2.8,-3.8,-10.2,1977,Nebraska
-16.1,-10.6,-4.3,-0.4,8.4,10.9,16.5,16.0,9.6,2.6,-5.5,-8.1,1982,Nebraska
-8.4,-4.4,-3.6,2.4,10.6,13.9,16.6,14.2,8.3,-0.1,-1.6,-7.6,1987,Nebraska
-6.4,-3.7,-1.4,1.6,7.1,12.0,13.6,12.8,8.9,2.6,-4.2,-10.8,1992,Nebraska
-12.5,-6.9,-3.8,-0.9,5.4,13.7,16.3,15.1,11.1,3.6,-4.9,-6.4,1997,Nebraska
-8.4,-7.9,-7.8,2.0,5.6,15.5,17.8,15.4,10.5,0.8,-3.8,-7.2,2002,Nebraska
-11.4,-10.4,0.4,1.4,9.7,13.7,17.4,17.7,10.4,4.6,-4.0,-11.1,2007,Nebraska
-8.6,-7.8,1.8,4.5,8.6,14.9,18.2,14.1,8.1,1.2,-3.7,-9.2,2012,Nebraska
-9.2,-5.3,-1.4,3.0,6.8,13.6,17.3,13.6,10.7,3.1,-2.8,-9.3,2017,Nebraska
-11.2,-11.0,-4.4,-0.4,7.7,14.0,17.3,15.9,10.9,2.4,-6.3,-11.2,2022,Nebraska
-8.6,-5.1,-5.2,1.0,2.9,11.9,13.4,13.5,8.1,3.1,-2.3,-3.0,1977,Nevada
-8.1,-4.9,-2.3,-0.9,4.6,8.9,13.2,13.3,8.6,2.1,-3.5,-5.6,1982,Nevada
-8.4,-4.4,-1.9,2.6,6.9,11.1,12.0,12.7,8.6,4.7,-1.3,-6.8,1987,Nevada
-6.9,-1.5,0.2,3.4,8.2,10.1,12.9,13.5,8.8,4.6,-4.6,-8.5,1992,Nevada
-5.1,-4.5,-1.2,0.3,7.3,10.1,12.6,13.1,9.4,1.8,-1.5,-7.1,1997,Nevada
-6.6,-5.6,-4.0,1.8,4.6,10.6,15.3,11.9,8.6,1.2,-2.7,-4.9,2002,Nevada
-9.7,-3.8,-0.2,1.9,6.1,10.4,15.8,13.8,7.7,2.1,-2.0,-7.1,2007,Nevada
-5.6,-5.1,-1.4,2.1,5.7,9.4,14.2,14.6,10.0,3.7,-0.8,-5.7,2012,Nevada
-6.6,-1.6,0.3,1.3,5.8,11.4,15.6,14.6,8.5,1.4,0.1,-5.9,2017,Nevada
-5.4,-6.0,-0.9,0.4,4.3,10.7,15.8,15.3,11.3,3.7,-5.6,-5.8,2022,Nevada
-17.8,-12.0,-3.6,-1.2,5.1,9.8,11.7,11.7,7.6,1.4,-1.5,-11.1,1977,New Hampshire
-19.4,-13.8,-8.6,-2.9,5.1,9.0,11.7,10.0,8.0,0.4,-1.4,-7.1,1982,New Hampshire
-14.1,-14.4,-6.4,0.9,4.7,10.6,13.3,9.9,7.8,0.0,-4.3,-7.3,1987,New Hampshire
-12.9,-11.3,-9.2,-1.9,3.4,9.0,10.9,11.6,7.3,0.2,-4.1,-8.8,1992,New Hampshire
-13.3,-9.8,-8.5,-2.5,3.2,9.7,11.8,11.6,7.3,0.6,-4.0,-9.1,1997,New Hampshire
-7.7,-10.1,-5.9,0.3,3.6,9.4,13.1,12.9,9.3,1.2,-3.7,-10.3,2002,New Hampshire
-10.8,-15.0,-8.7,-1.4,4.8,10.4,12.6,11.7,7.8,4.9,-3.9,-10.3,2007,New Hampshire
-10.1,-8.2,-2.5,-0.1,7.8,10.4,13.6,13.3,7.6,4.8,-3.8,-5.9,2012,New Hampshire
-8.1,-8.4,-9.1,1.5,5.4,10.4,13.0,11.2,10.5,5.7,-3.7,-11.4,2017,New Hampshire
-15.8,-11.1,-5.7,-0.1,6.7,10.0,13.3,14.7,8.9,2.6,-1.8,-6.6,2022,New Hampshire
-12.0,-5.7,1.4,4.3,9.4,13.3,17.3,16.9,14.2,5.7,3.8,-4.5,1977,New Jersey
-10.7,-4.2,-1.8,2.1,10.1,13.4,17.0,14.7,12.3,6.0,2.6,-0.4,1982,New Jersey
-5.8,-6.4,-0.6,4.7,9.8,15.7,18.6,15.9,13.3,3.1,1.9,-1.9,1987,New Jersey
-4.5,-3.5,-1.7,3.1,7.8,13.2,17.1,14.9,12.9,4.1,2.2,-2.6,1992,New Jersey
-5.7,-1.9,-0.3,2.8,7.5,13.2,16.8,15.7,12.0,5.9,1.1,-2.3,1997,New Jersey
-2.1,-2.6,0.2,5.7,8.6,14.9,18.3,18.2,13.7,7.3,1.3,-3.8,2002,New Jersey
-2.1,-7.1,-1.6,3.7,9.8,15.4,17.4,17.4,13.5,11.1,1.3,-2.1,2007,New Jersey
-3.1,-1.3,4.0,4.9,13.0,15.0,19.6,18.2,13.7,8.8,0.3,0.4,2012,New Jersey
-1.6,-1.0,-1.6,7.2,10.2,15.3,18.9,16.6,14.6,9.9,1.1,-3.8,2017,New Jersey
-7.0,-4.3,0.7,4.6,11.6,14.9,19.7,19.0,14.0,6.5,2.9,-3.1,2022,New Jersey
-8.3,-5.2,-3.8,2.6,6.7,12.3,14.9,14.9,11.1,4.4,-1.9,-4.0,1977,New Mexico
-6.3,-5.1,-1.1,2.3,6.2,10.6,14.7,14.9,11.1,2.1,-1.8,-5.7,1982,New Mexico
-7.5,-4.0,-3.2,1.1,6.7,11.2,13.2,13.3,8.7,4.6,-2.7,-7.2,1987,New Mexico
-7.1,-3.0,-0.9,3.4,7.8,10.5,13.6,13.1,9.6,4.4,-4.7,-6.6,1992,New Mexico
-6.3,-4.4,-1.2,1.3,7.8,11.4,14.3,14.3,12.3,3.4,-2.4,-7.2,1997,New Mexico
-5.7,-6.0,-3.3,4.7,7.0,13.6,15.2,14.3,10.8,4.0,-1.9,-5.3,2002,New Mexico
-7.3,-4.1,-0.4,2.1,7.4,11.8,14.8,15.2,11.4,4.0,-1.2,-5.5,2007,New Mexico
-4.6,-4.3,-0.9,4.1,8.1,13.6,15.8,15.1,10.6,3.9,-1.3,-5.9,2012,New Mexico
-3.7,-1.1,1.1,3.2,6.5,13.1,15.7,14.1,11.0,4.7,1.3,-5.1,2017,New Mexico
-6.7,-7.4,-2.3,3.2,8.2,14.4,16.7,15.4,11.9,5.1,-3.4,-4.4,2022,New Mexico
-16.4,-10.4,-2.9,0.4,6.4,10.2,14.0,12.9,10.5,2.4,0.3,-8.9,1977,New York
-16.7,-11.0,-7.0,-1.8,7.3,10.4,13.3,11.1,9.1,2.8,-0.1,-4.8,1982,New York
-11.2,-13.4,-4.7,2.7,6.8,12.4,15.2,12.1,9.9,1.4,-1.8,-5.1,1987,New York
-10.3,-9.4,-8.0,-0.1,5.6,9.9,12.8,12.2,8.8,1.2,-1.4,-7.1,1992,New York
-11.8,-8.0,-6.3,-1.2,4.0,11.7,13.0,12.3,8.7,2.2,-2.6,-6.2,1997,New York
-5.8,-7.4,-4.8,1.9,4.6,11.8,14.8,13.9,10.7,3.0,-1.6,-8.3,2002,New York
-8.3,-13.6,-7.1,-0.1,5.9,11.8,13.2,13.6,10.0,7.1,-2.4,-7.2,2007,New York
-8.1,-5.7,0.0,0.4,9.4,12.1,15.3,13.9,9.4,5.7,-2.4,-3.9,2012,New York
-6.1,-5.9,-7.4,3.3,6.8,11.8,14.6,12.6,10.6,6.6,-2.6,-9.3,2017,New York
-15.0,-10.8,-4.7,0.8,7.9,11.4,14.4,14.9,10.7,2.9,0.0,-5.8,2022,New York
-7.4,-3.2,5.2,8.9,13.0,16.1,19.5,19.1,16.4,7.3,5.8,-1.1,1977,North Carolina
-4.3,1.1,3.8,6.3,13.3,17.1,19.5,17.9,14.1,8.4,4.8,3.0,1982,North Carolina
-2.0,-1.3,2.2,6.5,13.6,17.9,19.7,19.8,16.1,4.2,3.9,0.8,1987,North Carolina
-0.3,1.3,2.5,7.1,10.6,16.1,20.2,18.1,15.9,6.8,5.1,0.4,1992,North Carolina
-1.0,1.8,5.4,5.6,9.5,15.6,19.3,16.9,14.8,8.6,2.3,-0.1,1997,North Carolina
-0.6,-0.1,3.7,10.0,11.6,17.3,19.9,18.8,17.2,12.1,3.0,-0.9,2002,North Carolina
0.9,-2.4,4.6,6.9,11.8,17.1,18.4,20.4,15.7,12.0,2.7,2.6,2007,North Carolina
0.3,1.2,7.9,8.3,14.9,15.8,21.0,19.2,15.1,9.3,1.3,2.9,2012,North Carolina
2.1,3.1,3.0,11.5,13.8,17.5,20.4,19.2,15.7,10.6,3.5,0.3,2017,North Carolina
-2.3,1.1,4.8,7.7,14.3,17.4,20.8,19.5,15.2,7.6,5.7,-0.3,2022,North Carolina
-24.3,-11.0,-5.9,1.0,9.6,11.4,13.4,8.7,7.4,0.7,-9.3,-18.2,1977,North Dakota
-27.9,-18.2,-10.1,-3.0,6.2,8.3,13.5,11.5,5.4,1.1,-9.9,-11.9,1982,North Dakota
-12.2,-7.6,-6.5,1.9,7.9,11.7,14.2,10.7,6.8,-2.0,-5.1,-10.2,1987,North Dakota
-12.2,-9.2,-5.0,-1.9,5.6,9.3,10.2,9.5,5.0,-1.2,-6.1,-17.7,1992,North Dakota
-22.2,-13.9,-10.9,-3.7,3.4,12.1,14.1,12.0,7.8,0.4,-8.3,-8.4,1997,North Dakota
-13.5,-10.6,-14.5,-3.1,1.4,11.7,15.1,11.9,7.6,-3.6,-6.8,-11.2,2002,North Dakota
-16.1,-18.6,-5.7,-2.1,6.4,11.9,15.4,11.6,6.7,1.6,-7.4,-16.4,2007,North Dakota
-12.4,-12.2,-2.4,0.6,5.6,11.6,16.0,11.4,5.4,-0.4,-7.3,-15.1,2012,North Dakota
-15.6,-11.2,-8.0,-0.9,4.9,10.7,14.3,11.2,7.7,0.0,-8.7,-14.1,2017,North Dakota
-19.2,-19.2,-8.6,-4.1,5.3,11.2,14.7,13.6,8.2,0.8,-9.8,-18.4,2022,North Dakota
-16.6,-8.6,0.3,5.0,10.8,12.6,17.5,15.9,13.6,4.5,2.0,-6.9,1977,Ohio
-12.2,-7.5,-2.0,0.7,11.7,12.6,16.7,13.5,11.0,6.1,2.1,-0.2,1982,Ohio
-5.9,-4.9,-1.0,3.9,10.6,15.5,17.9,15.9,12.1,1.9,1.8,-2.1,1987,Ohio
-5.4,-2.9,-1.6,3.9,7.9,12.1,16.7,13.8,10.9,3.7,2.1,-3.0,1992,Ohio
-8.2,-3.1,-0.3,1.2,6.1,14.5,16.0,14.5,10.8,5.0,-0.1,-2.6,1997,Ohio
-3.3,-3.9,-1.6,5.3,7.2,15.6,17.9,17.1,13.0,6.2,0.8,-4.3,2002,Ohio
-3.3,-11.6,0.8,3.6,10.1,14.4,14.9,17.8,12.4,9.6,0.5,-3.2,2007,Ohio
-4.6,-2.9,4.9,3.6,12.2,14.1,18.8,15.1,11.1,5.8,-1.4,-0.7,2012,Ohio
-2.5,-0.8,-0.4,7.1,9.8,14.6,17.2,14.9,12.4,8.1,0.3,-6.1,2017,Ohio
-9.4,-5.9,0.0,3.4,11.6,14.7,17.8,16.8,12.8,4.3,1.3,-3.8,2022,Ohio
-8.8,-0.8,3.7,9.7,15.6,19.6,21.6,20.7,17.9,9.1,3.7,-2.7,1977,Oklahoma
-6.3,-3.7,3.9,6.8,14.1,16.7,21.1,21.2,15.4,8.1,2.6,-0.4,1982,Oklahoma
-3.7,1.5,2.7,6.9,15.4,18.3,20.4,20.7,14.8,7.4,3.6,-1.8,1987,Oklahoma
-1.3,2.0,4.4,8.6,12.7,17.0,20.4,17.4,15.3,8.7,2.1,-1.5,1992,Oklahoma
-3.8,0.4,3.3,5.9,11.8,17.2,20.9,19.4,16.6,9.9,1.8,-1.3,1997,Oklahoma
-2.7,-1.9,0.7,10.1,12.7,18.9,20.9,20.8,16.2,8.6,1.6,-1.1,2002,Oklahoma
-3.4,-2.2,8.3,6.8,15.2,18.5,20.2,21.9,17.1,10.6,3.2,-2.6,2007,Oklahoma
-1.7,0.5,8.8,11.5,15.6,19.1,22.4,19.7,16.1,8.1,2.8,-1.3,2012,Oklahoma
-1.9,2.6,6.1,9.9,12.1,18.9,21.6,19.5,16.2,9.2,4.7,-1.7,2017,Oklahoma
-5.4,-4.2,2.1,8.7,15.0,19.9,22.8,21.3,16.3,8.7,2.3,-1.6,2022,Oklahoma
-7.9,-2.8,-2.9,0.1,2.4,8.4,9.2,11.6,6.8,2.6,-1.4,-1.1,1977,Oregon
-5.6,-4.1,-1.8,-1.7,2.3,8.0,9.8,9.8,6.4,2.6,-3.1,-3.8,1982,Oregon
-5.8,-2.4,-0.6,1.8,5.2,8.1,9.1,8.9,6.7,2.7,-0.7,-4.2,1987,Oregon
-2.5,0.1,0.4,2.6,5.8,8.8,9.9,10.1,6.2,3.4,-1.6,-5.5,1992,Oregon
-3.8,-3.1,-0.9,0.3,5.7,6.5,9.5,10.5,7.6,2.1,0.4,-4.1,1997,Oregon
-3.9,-3.6,-2.9,0.7,2.8,7.6,11.1,8.3,6.2,0.4,-0.9,-1.8,2002,Oregon
-6.3,-2.0,0.1,0.3,3.8,6.7,12.2,9.4,5.4,1.8,-1.5,-4.6,2007,Oregon
-3.6,-3.5,-1.7,1.4,3.1,5.8,10.4,10.4,7.3,2.5,0.4,-3.9,2012,Oregon
-7.3,-2.5,0.6,0.4,4.2,7.9,11.6,12.1,7.8,1.5,-0.2,-4.2,2017,Oregon
-3.3,-3.9,-0.4,-1.4,2.4,7.3,12.1,12.7,8.8,4.7,-4.4,-5.0,2022,Oregon
-15.7,-8.7,-1.2,2.8,8.0,10.9,15.3,14.5,12.2,3.5,1.9,-7.2,1977,Pennsylvania
-12.6,-7.6,-4.1,-0.4,8.8,11.6,14.7,11.8,10.3,4.3,1.3,-2.2,1982,Pennsylvania
-8.0,-8.5,-2.9,3.4,8.2,13.8,16.6,13.8,11.1,1.3,0.1,-3.2,1987,Pennsylvania
-6.6,-5.3,-3.9,2.4,6.4,10.8,15.3,12.6,10.0,2.0,0.8,-4.8,1992,Pennsylvania
-8.6,-4.6,-2.3,0.4,4.7,12.2,14.1,13.2,9.7,3.8,-1.0,-3.7,1997,Pennsylvania
-3.9,-4.8,-2.4,3.4,5.8,13.6,15.9,15.3,11.3,4.7,-0.1,-6.5,2002,Pennsylvania
-4.8,-11.1,-3.3,1.6,7.5,12.8,13.8,15.4,10.9,8.2,-0.7,-4.1,2007,Pennsylvania
-5.9,-3.4,2.1,1.8,11.1,12.6,17.0,14.7,10.6,5.9,-1.7,-1.8,2012,Pennsylvania
-3.8,-3.0,-3.5,5.4,8.2,12.9,16.2,13.6,11.4,7.3,-1.3,-6.4,2017,Pennsylvania
-10.5,-7.3,-2.0,2.2,9.2,12.8,15.9,15.6,11.6,3.2,0.5,-5.3,2022,Pennsylvania
-11.9,-7.1,0.1,2.6,8.3,12.6,16.1,16.0,12.2,5.8,2.9,-5.3,1977,Rhode Island
-12.0,-5.6,-2.9,0.7,8.1,11.8,16.0,13.9,11.3,4.9,2.6,-1.9,1982,Rhode Island
-7.3,-8.0,-1.7,3.5,7.8,13.6,16.4,14.1,11.8,3.8,-0.1,-3.6,1987,Rhode Island
-6.5,-5.6,-3.4,1.4,6.7,12.3,14.7,15.0,11.4,4.3,0.8,-3.8,1992,Rhode Island
-6.9,-2.7,-2.2,2.0,6.8,12.7,15.8,15.2,11.7,4.7,0.2,-3.9,1997,Rhode Island
-3.0,-4.0,-1.3,4.3,7.1,12.4,16.7,16.8,13.3,5.7,1.1,-4.6,2002,Rhode Island
-3.9,-8.2,-3.0,2.2,8.4,13.6,16.6,15.9,12.2,9.2,-0.1,-4.6,2007,Rhode Island
-4.2,-3.2,2.1,3.8,11.1,13.4,17.6,17.2,12.2,8.2,0.4,-1.0,2012,Rhode Island
-2.8,-3.6,-3.7,5.4,8.8,13.7,16.7,15.4,14.0,9.9,0.8,-5.3,2017,Rhode Island
-8.2,-5.6,-0.8,3.7,10.2,13.4,17.9,18.4,12.4,7.3,2.6,-2.9,2022,Rhode Island
-4.7,-1.7,7.5,10.8,14.9,18.5,21.1,20.4,18.3,8.8,7.3,1.1,1977,South Carolina
-1.7,3.6,6.8,9.1,14.9,19.1,21.1,19.8,16.2,10.6,6.7,5.0,1982,South Carolina
0.3,1.6,5.2,7.9,15.2,19.4,20.8,21.6,17.8,5.9,5.7,2.9,1987,South Carolina
1.5,3.8,4.7,8.9,12.5,18.1,21.5,19.9,17.6,8.8,7.0,2.3,1992,South Carolina
1.9,4.0,8.7,7.7,11.7,17.8,21.0,18.9,17.2,11.1,3.9,1.9,1997,South Carolina
1.6,1.5,6.1,12.8,13.3,19.0,21.5,20.2,19.5,14.4,4.7,0.8,2002,South Carolina
3.1,0.4,7.1,8.3,13.1,18.9,19.9,22.4,18.0,14.1,4.4,4.7,2007,South Carolina
2.2,3.7,10.6,10.8,16.6,17.5,22.1,20.5,17.2,11.4,3.3,5.1,2012,South Carolina
4.8,5.6,5.7,13.0,15.5,19.6,21.6,21.2,17.4,12.6,5.6,3.1,2017,South Carolina
0.2,4.1,7.2,9.5,16.4,19.6,22.3,21.2,17.2,9.3,8.0,2.3,2022,South Carolina
-20.4,-8.2,-4.5,2.9,10.2,13.2,15.7,11.6,8.9,1.7,-6.7,-13.8,1977,South Dakota
-21.9,-13.4,-6.4,-1.6,7.6,9.7,15.2,14.2,7.8,1.8,-7.6,-9.8,1982,South Dakota
-9.8,-5.8,-4.9,2.5,9.5,12.9,16.2,12.8,7.8,-0.8,-3.1,-9.1,1987,South Dakota
-8.9,-5.9,-3.2,-0.2,6.4,10.8,12.1,11.4,7.2,0.9,-5.1,-13.8,1992,South Dakota
-17.1,-10.2,-6.4,-2.1,4.8,13.2,15.4,14.2,9.6,2.1,-6.9,-7.3,1997,South Dakota
-10.3,-8.4,-11.3,-0.6,3.7,13.4,17.3,13.9,9.6,-1.5,-5.0,-8.8,2002,South Dakota
-12.6,-14.5,-2.1,-0.5,8.4,13.2,17.0,15.2,9.1,3.2,-5.2,-12.8,2007,South Dakota
-10.3,-10.1,0.2,2.7,7.2,13.6,18.0,12.9,7.4,0.5,-5.1,-11.4,2012,South Dakota
-13.1,-7.3,-4.3,0.7,5.9,12.0,16.1,12.6,9.1,1.4,-5.2,-11.3,2017,South Dakota
-14.3,-14.3,-6.4,-2.6,6.0,12.5,16.1,15.1,9.9,1.7,-7.9,-14.6,2022,South Dakota
-10.2,-4.1,4.3,8.7,13.4,16.6,19.9,18.6,16.3,6.0,4.8,-2.6,1977,Tennessee
-5.5,-1.3,4.4,5.6,13.4,15.4,19.5,17.4,13.5,7.8,3.6,2.8,1982,Tennessee
-2.7,0.6,3.2,5.6,14.9,17.6,19.0,19.0,13.7,3.0,3.4,0.3,1987,Tennessee
-1.8,0.9,2.6,7.1,11.1,15.7,19.6,16.6,14.7,6.6,3.2,-0.3,1992,Tennessee
-2.8,2.0,4.9,4.6,9.4,16.9,19.0,17.2,14.2,7.4,1.6,-0.8,1997,Tennessee
-1.5,-1.6,2.5,9.2,11.4,17.4,20.2,18.9,16.7,11.4,2.0,-0.9,2002,Tennessee
-0.6,-3.6,6.2,6.0,12.7,16.8,18.6,20.7,15.9,10.6,2.3,1.4,2007,Tennessee
-0.2,1.2,8.6,8.5,14.8,15.8,20.8,17.9,14.3,7.6,0.2,2.4,2012,Tennessee
2.7,3.0,4.1,10.7,13.0,16.8,19.9,18.1,14.3,9.0,3.6,-1.1,2017,Tennessee
-3.7,-1.0,3.9,6.9,14.4,17.6,21.0,19.1,14.0,5.7,3.1,-0.2,2022,Tennessee
-2.6,2.5,6.3,11.0,17.1,20.1,21.4,21.8,19.6,12.2,6.3,1.9,1977,Texas
0.0,1.3,8.3,11.1,15.9,19.2,21.6,21.6,17.6,11.4,6.4,2.6,1982,Texas
0.6,4.5,4.6,8.4,16.1,19.2,20.8,21.3,16.7,10.9,5.6,1.8,1987,Texas
2.1,5.3,7.8,11.3,14.9,19.2,21.2,19.1,17.6,11.7,4.3,3.2,1992,Texas
0.9,3.8,8.2,8.9,15.0,19.1,21.6,21.0,18.7,12.2,4.9,0.7,1997,Texas
2.1,0.9,5.4,14.2,16.3,20.4,21.4,21.7,17.7,13.1,5.0,2.4,2002,Texas
0.6,2.5,10.0,9.7,16.2,19.6,20.6,21.7,18.9,12.6,7.1,2.0,2007,Texas
2.5,4.8,10.4,13.7,17.4,20.9,22.0,21.7,17.8,11.8,7.0,3.0,2012,Texas
3.7,7.1,10.4,12.3,15.0,20.4,22.0,21.2,18.1,11.7,8.6,2.2,2017,Texas
-0.4,-0.2,5.3,12.8,18.1,21.7,23.4,22.3,18.4,11.8,6.2,3.8,2022,Texas
-10.4,-7.2,-6.1,0.9,4.2,11.9,14.2,13.6,8.8,2.6,-3.2,-4.7,1977,Utah
-9.6,-8.0,-2.4,-1.3,4.7,8.8,13.3,14.2,9.2,0.6,-4.5,-7.6,1982,Utah
-10.0,-5.2,-3.7,1.9,6.4,11.1,12.9,12.3,7.8,3.9,-3.0,-8.6,1987,Utah
-9.9,-3.9,-0.5,3.8,7.4,9.9,12.9,13.3,8.6,4.1,-5.9,-10.3,1992,Utah
-7.7,-7.3,-2.4,-0.8,6.4,10.7,12.7,13.8,9.8,1.5,-3.2,-8.7,1997,Utah
-9.2,-9.1,-5.0,2.1,5.1,11.3,15.9,12.8,8.8,1.2,-4.2,-7.0,2002,Utah
-11.9,-4.9,-1.2,1.7,6.2,11.1,16.1,14.7,8.5,1.9,-2.7,-9.4,2007,Utah
-7.1,-6.2,-1.4,2.0,6.1,11.1,14.9,14.8,9.4,2.8,-1.7,-7.6,2012,Utah
-8.3,-2.8,0.3,0.7,5.3,12.1,15.9,14.0,8.6,0.8,-0.9,-7.3,2017,Utah
-7.8,-8.5,-2.4,0.1,4.5,11.3,16.0,14.8,11.2,2.8,-6.1,-7.4,2022,Utah
-18.2,-12.1,-4.0,-1.3,4.8,9.6,11.4,11.3,8.2,1.1,-1.8,-11.7,1977,Vermont
-20.9,-14.3,-9.1,-3.2,5.3,9.1,11.2,9.6,7.8,0.9,-1.8,-7.8,1982,Vermont
-14.7,-16.8,-7.0,1.0,4.7,10.5,13.1,9.7,7.9,-0.2,-4.3,-7.4,1987,Vermont
-14.3,-13.3,-10.6,-2.0,3.6,8.8,10.6,11.2,7.1,0.0,-3.9,-9.2,1992,Vermont
-14.3,-10.8,-9.7,-3.0,2.9,9.7,11.2,10.9,7.1,0.4,-4.6,-9.9,1997,Vermont
-8.2,-10.7,-6.4,0.4,3.3,9.4,12.7,12.4,9.1,1.0,-4.0,-10.7,2002,Vermont
-12.0,-16.0,-9.8,-1.3,4.4,10.5,12.1,11.4,7.9,5.0,-4.2,-10.2,2007,Vermont
-10.8,-8.7,-2.5,-0.4,7.8,10.5,13.2,12.7,7.4,4.7,-4.3,-6.4,2012,Vermont
-8.3,-8.9,-10.1,1.3,5.2,10.1,12.6,10.9,9.6,5.3,-4.4,-12.3,2017,Vermont
-17.8,-12.6,-6.3,-0.7,6.4,9.9,12.6,13.9,8.8,1.9,-1.8,-7.0,2022,Vermont
-10.3,-4.9,3.1,6.4,11.2,14.0,18.0,17.7,14.9,5.8,4.2,-3.4,1977,Virginia
-7.3,-2.1,0.8,3.8,11.8,15.2,18.0,15.7,12.4,7.2,2.7,0.7,1982,Virginia
-4.5,-3.8,0.4,5.0,11.7,16.3,18.7,17.7,14.3,2.6,2.3,-0.8,1987,Virginia
-2.6,-1.3,0.7,5.6,9.1,14.1,18.6,15.9,13.8,4.9,3.1,-1.7,1992,Virginia
-3.9,-0.2,2.4,3.7,7.4,14.3,17.8,15.7,12.7,6.4,0.9,-1.9,1997,Virginia
-2.1,-2.3,1.1,7.1,9.6,15.8,18.7,17.9,14.7,9.5,1.8,-2.9,2002,Virginia
-1.1,-5.6,2.2,5.2,10.9,15.8,16.8,18.8,13.6,10.2,1.4,0.2,2007,Virginia
-2.1,-0.8,5.8,6.2,13.6,14.4,19.9,17.7,13.3,7.6,-0.3,0.7,2012,Virginia
-0.1,0.8,1.2,9.4,11.7,15.6,18.9,17.1,13.8,9.1,1.6,-2.4,2017,Virginia
-5.0,-1.8,2.4,5.8,12.3,15.8,19.4,18.2,13.7,5.6,3.2,-2.6,2022,Virginia
-6.7,-1.6,-1.3,1.7,3.6,8.8,9.6,12.1,6.7,1.8,-2.2,-3.4,1977,Washington
-5.3,-3.6,-1.6,-0.9,3.6,9.1,10.2,10.4,7.7,2.7,-2.8,-4.0,1982,Washington
-4.3,-1.3,0.4,2.9,5.7,8.4,10.7,9.9,7.9,2.3,0.8,-4.3,1987,Washington
-1.4,0.5,1.1,2.9,5.7,10.3,11.3,10.7,6.3,3.9,-0.4,-5.7,1992,Washington
-4.1,-2.9,-0.7,0.8,6.1,7.8,10.3,11.9,8.8,3.2,0.4,-2.9,1997,Washington
-2.4,-3.2,-2.5,1.2,3.8,8.4,11.3,9.8,6.8,1.0,-0.2,-0.9,2002,Washington
-5.6,-1.4,0.3,1.4,4.6,7.8,12.6,10.1,6.9,2.4,-1.6,-3.8,2007,Washington
-4.5,-2.4,-1.4,2.0,4.1,7.1,11.4,11.1,7.5,3.2,0.7,-2.3,2012,Washington
-7.4,-4.3,0.2,1.8,5.4,8.6,11.4,12.2,8.7,2.1,0.0,-4.1,2017,Washington
-3.6,-3.6,0.4,-0.4,3.8,8.6,12.4,13.2,9.3,5.7,-3.9,-6.2,2022,Washington
-14.0,-8.1,0.2,4.7,9.3,11.9,16.2,15.8,13.7,4.4,2.6,-5.7,1977,West Virginia
-9.6,-4.9,-0.6,1.0,9.9,12.6,16.2,13.7,11.0,6.0,1.6,-1.1,1982,West Virginia
-5.7,-4.7,-1.2,3.3,10.1,14.4,16.6,15.4,12.1,1.2,0.7,-2.1,1987,West Virginia
-5.3,-2.5,-0.7,4.2,7.7,12.1,16.7,14.1,11.6,2.9,2.0,-3.3,1992,West Virginia
-6.1,-1.7,0.8,1.3,5.3,13.0,15.7,14.2,10.4,4.5,-0.2,-2.7,1997,West Virginia
-3.7,-4.1,-0.6,5.4,7.0,14.5,17.3,16.1,12.5,7.8,0.5,-4.1,2002,West Virginia
-2.8,-9.7,1.1,3.6,9.3,13.6,14.4,17.4,11.9,8.4,0.2,-1.8,2007,West Virginia
-3.8,-2.3,4.2,3.8,12.1,12.4,17.9,15.0,11.2,5.4,-2.2,-0.8,2012,West Virginia
-1.0,-0.6,-0.4,7.3,9.9,13.2,16.5,14.6,12.0,7.2,0.4,-4.6,2017,West Virginia
-7.9,-4.8,-0.2,3.5,10.4,13.5,17.2,16.4,12.0,2.9,1.0,-4.1,2022,West Virginia
-23.2,-13.1,-3.0,2.3,9.5,10.7,15.2,10.8,9.6,1.7,-4.6,-13.3,1977,Wisconsin
-22.1,-15.7,-7.8,-2.4,8.9,7.9,14.7,11.9,8.3,3.2,-4.8,-7.7,1982,Wisconsin
-11.4,-8.3,-4.1,1.6,7.6,12.9,16.0,13.2,8.7,-0.7,-2.2,-7.4,1987,Wisconsin
-10.5,-7.9,-6.2,-0.2,5.9,9.7,11.6,10.5,7.7,1.2,-3.8,-10.4,1992,Wisconsin
-16.2,-11.4,-6.9,-1.6,3.2,12.1,13.9,11.9,9.3,2.7,-5.2,-6.8,1997,Wisconsin
-8.9,-8.1,-9.5,0.3,3.9,13.1,16.3,13.6,10.2,0.8,-4.9,-8.7,2002,Wisconsin
-10.9,-16.2,-4.3,-0.3,7.9,12.4,14.1,14.3,9.7,6.1,-4.1,-12.8,2007,Wisconsin
-11.2,-7.8,1.7,0.7,8.3,12.6,16.9,12.6,6.7,1.3,-3.6,-7.8,2012,Wisconsin
-10.8,-7.7,-6.1,1.8,5.8,12.2,14.2,12.1,10.3,4.7,-4.8,-12.3,2017,Wisconsin
-18.4,-15.5,-6.6,-1.0,7.9,11.9,14.6,13.9,9.7,2.0,-3.2,-11.0,2022,Wisconsin
-15.3,-9.7,-8.9,-1.9,2.4,8.6,10.4,8.4,4.2,-1.1,-7.7,-10.8,1977,Wyoming
-14.7,-12.6,-6.9,-5.2,1.3,5.6,9.9,10.7,4.6,-1.7,-8.6,-11.4,1982,Wyoming
-12.8,-8.7,-7.3,-1.4,4.4,7.3,9.9,7.7,3.4,-1.9,-6.3,-12.2,1987,Wyoming
-11.8,-7.6,-4.1,-0.8,3.6,7.1,8.3,8.1,3.7,-0.6,-8.9,-14.4,1992,Wyoming
-12.9,-11.4,-6.8,-5.6,2.0,7.9,9.7,9.9,6.1,-1.4,-8.2,-11.8,1997,Wyoming
-12.6,-12.2,-10.6,-3.1,0.8,7.3,11.9,8.1,5.1,-3.9,-7.4,-9.6,2002,Wyoming
-15.1,-9.8,-3.9,-2.3,2.7,7.3,12.8,10.7,5.0,-0.4,-6.4,-13.1,2007,Wyoming
-10.1,-11.2,-3.5,-0.8,2.0,7.8,12.4,10.0,5.1,-1.8,-4.8,-11.3,2012,Wyoming
-14.4,-8.2,-2.7,-2.2,2.2,7.2,11.6,9.0,4.8,-2.6,-4.7,-10.6,2017,Wyoming
-11.6,-13.2,-7.3,-4.9,1.2,6.6,11.6,11.1,6.6,-0.8,-10.4,-13.0,2022,Wyoming
-11.2,-13.1,-19.8,-12.8,-1.8,4.9,6.9,7.3,2.0,-6.8,-19.2,-21.3,1977,Alaska
-22.4,-19.3,-15.1,-11.8,-2.6,4.8,7.0,5.3,1.9,-10.4,-14.8,-15.6,1982,Alaska
-16.8,-17.3,-15.8,-10.3,-1.1,4.8,7.5,5.8,0.1,-4.2,-13.8,-19.2,1987,Alaska
-17.4,-21.7,-15.4,-10.1,-3.6,5.2,7.8,5.9,-3.9,-9.7,-13.6,-19.9,1992,Alaska
-21.8,-13.1,-18.9,-7.8,-0.2,5.9,8.2,7.3,3.0,-10.3,-11.0,-19.5,1997,Alaska
-16.1,-16.9,-14.5,-11.0,-0.2,4.8,7.1,5.0,2.3,-3.3,-7.2,-13.1,2002,Alaska
-18.4,-18.7,-23.2,-6.0,-0.8,5.5,8.3,6.9,2.9,-6.7,-9.8,-16.8,2007,Alaska
-29.0,-15.2,-20.6,-7.7,-1.7,5.3,7.0,5.8,1.3,-7.2,-17.8,-21.8,2012,Alaska
-19.3,-18.6,-20.8,-6.2,-0.1,5.9,8.9,6.3,2.3,-4.1,-12.5,-10.3,2017,Alaska
-19.3,-16.6,-12.8,-9.0,-0.7,5.8,7.6,6.4,2.7,-4.9,-12.1,-17.2,2022,Alaska
-16.1,-10.2,-2.1,0.9,6.8,10.8,14.2,13.6,10.4,3.0,0.6,-8.6,1977,Northeast Region
-15.8,-10.3,-6.1,-1.2,7.3,10.7,13.8,11.4,9.5,3.1,0.2,-4.4,1982,Northeast Region
-10.8,-11.4,-4.3,2.6,6.8,12.6,15.3,12.5,10.1,1.5,-1.7,-5.1,1987,Northeast Region
-9.7,-8.6,-6.6,0.4,5.4,10.5,13.4,12.7,9.3,1.7,-1.2,-6.4,1992,Northeast Region
-10.8,-7.4,-5.4,-0.6,4.4,11.4,13.6,12.8,9.1,2.8,-2.1,-6.2,1997,Northeast Region
-5.8,-7.2,-4.1,2.3,5.2,11.8,15.0,14.5,10.8,3.4,-1.6,-7.8,2002,Northeast Region
-7.7,-12.8,-5.8,0.4,6.4,12.1,13.8,14.0,10.1,7.2,-1.9,-6.9,2007,Northeast Region
-7.8,-5.8,0.1,1.3,9.7,12.1,15.9,14.7,9.7,5.8,-2.2,-3.8,2012,Northeast Region
-5.8,-5.8,-6.3,3.8,7.2,12.2,15.1,13.1,11.3,6.9,-2.2,-8.7,2017,Northeast Region
-13.2,-9.3,-3.7,1.4,8.2,11.8,15.2,15.5,10.8,3.6,0.1,-5.4,2022,Northeast Region
-21.9,-12.3,-3.1,2.8,10.2,11.6,15.5,11.4,9.9,2.1,-4.6,-13.1,1977,East North Central
-21.8,-14.9,-7.6,-1.9,9.2,9.0,15.1,12.6,8.8,3.7,-4.9,-7.6,1982,East North Central
-11.2,-7.7,-3.8,2.1,8.5,13.3,16.3,13.4,9.1,0.0,-2.0,-7.3,1987,East North Central
-10.2,-7.6,-5.5,-0.2,6.5,10.2,12.1,11.0,7.8,1.6,-3.7,-10.6,1992,East North Central
-16.4,-11.5,-6.9,-1.4,3.6,12.7,14.6,12.6,9.6,2.9,-5.1,-6.5,1997,East North Central
-9.2,-8.4,-9.4,0.6,4.2,13.7,16.6,14.0,10.4,0.8,-5.0,-8.8,2002,East North Central
-11.4,-15.9,-3.7,-0.2,8.6,13.2,14.7,14.7,9.7,6.1,-3.9,-12.2,2007,East North Central
-10.3,-8.0,1.4,1.6,8.8,13.1,17.3,12.9,7.2,2.0,-3.5,-8.6,2012,East North Central
-10.3,-7.3,-5.6,2.3,6.3,12.6,14.9,12.4,10.7,4.7,-4.8,-12.0,2017,East North Central
-18.2,-15.9,-6.3,-1.1,8.1,12.8,15.2,14.4,10.1,2.3,-3.4,-10.9,2022,East North Central
-14.9,-6.4,2.2,7.2,12.8,15.2,19.0,17.3,14.7,5.4,2.7,-5.8,1977,Central Region
-10.7,-6.2,0.3,2.9,12.7,13.8,18.4,15.9,12.3,6.4,1.9,0.2,1982,Central Region
-5.4,-2.5,1.2,4.9,13.0,16.8,18.8,17.6,12.7,2.6,2.5,-1.8,1987,Central Region
-3.9,-1.1,0.7,5.3,9.6,13.9,18.1,14.8,12.3,5.2,2.1,-3.1,1992,Central Region
-7.7,-1.4,1.4,2.7,7.7,15.7,17.8,16.1,12.6,6.3,0.3,-2.4,1997,Central Region
-3.4,-3.1,-0.8,6.9,9.2,16.9,19.3,18.1,14.3,7.3,0.4,-3.4,2002,Central Region
-3.5,-8.3,3.7,4.4,12.3,16.1,16.9,19.5,14.0,9.5,0.8,-2.7,2007,Central Region
-3.6,-1.6,6.9,6.3,13.4,15.2,20.2,16.2,12.4,6.1,-0.7,-0.4,2012,Central Region
-1.7,0.3,1.7,8.4,11.1,15.7,18.7,15.9,13.4,8.5,1.3,-4.6,2017,Central Region
-8.0,-5.3,1.2,4.8,12.8,16.3,19.3,17.8,13.3,4.8,1.1,-3.5,2022,Central Region
-4.3,-0.5,7.8,10.4,14.4,18.0,20.3,20.2,18.3,9.2,7.9,1.4,1977,Southeast Region
-0.7,4.0,7.3,9.3,14.6,18.5,20.4,19.4,16.1,11.1,7.4,5.8,1982,Southeast Region
0.8,2.6,5.9,7.8,15.6,19.0,20.4,20.9,17.3,6.6,6.7,3.9,1987,Southeast Region
1.8,4.3,5.4,9.1,12.4,17.9,20.9,19.2,17.6,9.7,7.3,3.3,1992,Southeast Region
2.2,4.9,8.8,8.1,12.3,17.6,20.6,18.9,16.8,11.0,4.9,2.7,1997,Southeast Region
2.3,2.0,6.1,12.4,13.9,18.7,20.8,20.0,19.2,14.7,5.2,1.6,2002,Southeast Region
3.7,0.6,7.2,8.6,13.6,18.5,20.0,21.6,17.8,13.9,5.1,5.2,2007,Southeast Region
2.8,4.9,10.7,10.8,16.3,17.8,21.6,20.2,17.0,11.6,3.9,5.1,2012,Southeast Region
5.1,5.9,6.6,12.6,15.0,19.1,21.3,20.7,17.4,13.1,6.6,3.4,2017,Southeast Region
0.8,3.9,7.3,9.9,16.1,19.4,21.8,20.9,17.2,9.4,8.2,3.4,2022,Southeast Region
-17.9,-8.2,-6.0,0.6,6.7,10.9,12.8,9.8,6.7,0.6,-7.4,-13.0,1977,West North Central
-19.6,-13.6,-7.0,-3.1,4.4,8.1,12.4,12.0,5.9,0.3,-8.2,-10.3,1982,West North Central
-10.6,-6.9,-5.4,0.9,7.1,10.3,12.9,10.1,5.9,-1.5,-4.3,-9.9,1987,West North Central
-9.3,-6.6,-3.6,-0.4,5.0,9.3,10.2,9.6,5.4,0.3,-6.1,-14.3,1992,West North Central
-15.7,-9.9,-6.7,-3.5,3.6,10.7,12.6,11.8,7.8,0.7,-6.9,-8.7,1997,West North Central
-10.9,-9.8,-11.5,-2.1,2.3,10.5,14.3,10.9,7.2,-2.7,-5.5,-8.9,2002,West North Central
-13.1,-12.2,-2.9,-1.1,5.7,10.3,15.0,12.5,6.7,1.6,-5.9,-12.6,2007,West North Central
-10.1,-10.1,-1.7,1.1,4.6,10.6,14.9,11.3,6.1,-0.5,-5.1,-11.3,2012,West North Central
-13.6,-8.2,-3.9,-0.2,4.3,9.8,14.0,10.9,7.1,-0.2,-5.4,-11.2,2017,West North Central
-12.9,-13.4,-6.4,-3.6,4.1,9.8,13.8,13.2,8.3,1.1,-9.3,-14.3,2022,West North Central
-5.4,0.7,5.4,10.5,16.2,19.6,21.3,20.9,18.6,10.3,5.3,-0.1,1977,South Region
-2.6,-0.7,6.5,9.1,15.1,18.0,21.1,21.0,16.3,9.9,4.8,1.9,1982,South Region
-1.1,3.2,4.0,7.7,16.0,18.8,20.6,20.9,15.8,8.4,4.8,0.9,1987,South Region
0.7,3.8,6.3,9.8,13.8,18.2,20.7,18.2,16.5,10.1,3.5,1.4,1992,South Region
-0.9,2.6,6.4,7.6,13.4,18.4,21.1,20.1,17.4,10.8,3.6,0.0,1997,South Region
0.3,-0.2,3.4,12.2,14.6,19.7,21.2,21.0,17.4,11.6,3.7,0.9,2002,South Region
-0.8,0.3,8.8,8.4,15.6,19.1,20.4,21.8,18.0,11.6,5.2,0.7,2007,South Region
1.1,3.3,9.9,12.3,16.4,19.8,22.0,20.5,16.8,9.9,4.6,1.7,2012,South Region
2.2,5.3,8.3,11.3,13.8,19.6,21.7,20.3,17.1,10.7,6.6,0.6,2017,South Region
-2.3,-1.4,4.1,10.6,16.6,20.7,22.7,21.5,17.2,9.9,4.5,1.7,2022,South Region
-8.3,-5.3,-4.2,2.4,5.9,12.4,15.3,14.8,10.8,4.4,-1.7,-3.7,1977,Southwest Region
-6.9,-5.4,-1.3,1.2,6.0,9.9,14.4,15.1,10.8,2.1,-2.3,-5.8,1982,Southwest Region
-7.6,-3.9,-3.0,2.3,7.2,11.7,13.6,13.4,8.9,4.9,-2.2,-7.0,1987,Southwest Region
-7.3,-2.8,-0.3,4.0,8.0,10.7,13.8,13.6,9.9,4.9,-4.4,-7.4,1992,Southwest Region
-6.1,-5.1,-1.1,0.9,7.8,11.4,14.1,14.6,11.9,3.2,-2.1,-6.8,1997,Southwest Region
-6.6,-6.4,-3.7,3.9,6.4,13.0,16.0,14.2,10.7,3.3,-2.1,-5.6,2002,Southwest Region
-8.7,-4.1,0.1,2.5,7.4,11.9,15.9,15.7,10.9,4.0,-0.8,-6.8,2007,Southwest Region
-5.0,-4.7,-0.7,3.7,7.7,13.1,15.9,15.3,10.8,4.1,-0.7,-6.0,2012,Southwest Region
-5.1,-1.3,1.2,2.7,6.4,13.1,16.1,14.3,10.6,4.0,1.2,-5.0,2017,Southwest Region
-6.3,-7.1,-1.9,2.3,7.1,13.4,16.7,15.4,12.2,4.6,-4.1,-5.4,2022,Southwest Region
-9.1,-4.3,-3.6,0.0,2.5,8.6,9.4,11.0,6.1,1.4,-2.9,-3.3,1977,Northwest Region
-7.2,-6.1,-2.4,-2.3,2.3,7.8,9.8,9.9,6.4,1.7,-4.3,-5.5,1982,Northwest Region
-7.2,-3.4,-1.3,1.5,5.2,7.9,9.6,8.7,6.3,1.4,-1.4,-5.7,1987,Northwest Region
-4.1,-1.2,-0.2,2.0,5.3,8.9,9.9,10.0,5.6,2.9,-2.9,-7.3,1992,Northwest Region
-5.5,-4.8,-2.1,-0.5,5.1,7.1,9.6,10.6,7.6,1.6,-1.1,-5.6,1997,Northwest Region
-5.2,-5.8,-4.1,0.1,2.8,7.7,11.3,8.5,6.0,-0.4,-2.1,-2.9,2002,Northwest Region
-8.0,-3.0,-0.8,0.3,3.8,7.1,12.6,9.6,5.6,1.4,-2.7,-5.8,2007,Northwest Region
-5.3,-4.5,-2.1,1.0,3.1,6.1,11.0,10.5,6.8,1.7,-0.5,-4.6,2012,Northwest Region
-9.1,-4.1,-0.2,0.2,4.1,7.9,11.7,11.6,7.4,0.8,-1.1,-5.6,2017,Northwest Region
-5.5,-5.9,-1.3,-1.9,2.4,7.4,12.1,12.6,8.4,3.8,-5.7,-6.8,2022,Northwest Region
-3.7,-0.9,-1.6,3.8,5.1,13.1,14.4,15.1,10.7,6.4,1.5,0.9,1977,West Region
-3.7,-0.6,0.8,2.4,7.1,10.7,14.2,14.6,10.9,5.4,0.3,-1.8,1982,West Region
-3.7,-0.7,1.1,5.1,8.8,12.4,13.0,14.1,11.0,8.2,1.9,-2.6,1987,West Region
-2.4,1.9,3.0,5.9,10.2,11.8,14.4,15.1,11.4,7.7,0.1,-3.7,1992,West Region
-0.8,-0.7,2.3,3.7,10.0,11.7,14.1,14.7,12.1,5.3,2.6,-2.6,1997,West Region
-2.7,-1.1,-0.3,4.4,6.9,12.2,16.2,13.7,11.3,4.9,1.7,-1.0,2002,West Region
-4.8,-0.2,2.8,4.4,8.2,11.8,16.3,15.2,10.2,5.4,2.1,-3.0,2007,West Region
-1.5,-1.1,1.1,4.4,7.9,11.2,14.9,16.1,12.6,7.0,2.8,-1.6,2012,West Region
-2.1,1.6,3.3,4.3,8.2,13.3,16.9,16.3,11.6,5.6,3.6,-1.4,2017,West Region
-1.1,-1.6,2.3,3.7,7.1,12.8,16.7,16.8,13.8,7.6,-1.2,-1.6,2022,West Region
-10.8,-4.7,-0.3,4.8,9.6,14.0,16.3,15.3,12.3,5.2,0.2,-4.8,1977,National
-9.4,-5.7,-0.4,2.4,9.1,12.2,16.0,15.3,11.1,5.1,-0.5,-3.0,1982,National
-5.9,-2.7,-0.4,4.1,10.3,14.0,15.9,15.1,11.0,3.9,0.6,-3.8,1987,National
-4.6,-1.5,0.6,4.5,8.9,12.8,15.2,14.1,11.0,5.3,-0.6,-5.2,1992,National
-6.6,-3.3,0.1,2.2,8.1,13.4,15.8,15.2,12.2,5.3,-0.6,-3.9,1997,National
-4.5,-4.3,-2.6,5.0,7.8,14.3,17.2,15.4,12.2,5.0,-0.4,-3.7,2002,National
-5.9,-5.6,1.8,3.5,9.6,13.8,16.6,16.6,11.9,6.9,0.1,-4.7,2007,National
-4.1,-2.8,3.3,5.4,10.1,13.8,17.5,15.7,11.4,5.4,0.1,-3.3,2012,National
-4.2,-1.0,1.4,5.4,8.8,14.1,17.1,15.4,12.1,6.1,1.0,-4.6,2017,National
-7.0,-6.0,-0.3,3.4,9.6,14.4,17.5,16.8,12.7,5.5,-1.1,-4.7,2022,National
